{"loss":1.6583743226528167,"SSIM":0.9669919610023499,"_step":199,"reflectance":{"sha256":"23d138c7e6aec4ef3de7ab14be54195709f0270167643372b7ed77fa59403da8","size":148641,"path":"media/images/reflectance_199_23d138c7e6aec4ef3de7.png","format":"png","width":1310,"height":180,"caption":"Pred | GT | SSIM | FLIP --- MSE=8.71e-04, SSIM=0.967","_type":"image-file"},"_wandb":{"runtime":666},"epoch":0,"_runtime":661.324790429,"_timestamp":1.7610916326622589e+09,"MSE":0.0008705134969204664}