{"epoch":0,"MSE":0.01680760644376278,"_runtime":70.558039055,"reflectance":{"caption":"Pred | GT | SSIM | FLIP --- MSE=1.68e-02, SSIM=0.402","_type":"image-file","sha256":"ad9e866d7d0088f9fcf904cafde4873a7348b54711bc6585d57d4df713d7570d","size":325674,"path":"media/images/reflectance_19_ad9e866d7d0088f9fcf9.png","format":"png","width":1310,"height":180},"_wandb":{"runtime":72},"_timestamp":1.7610004659804711e+09,"_step":19,"SSIM":0.4021477997303009,"loss":1.7471598702911707e-07}