{"reflectance":{"format":"png","width":1310,"height":180,"caption":"Pred | GT | SSIM | FLIP --- MSE=4.52e-03, SSIM=0.565","_type":"image-file","sha256":"67a8e87e767d85dbb630eb834ba03301bfa0f10baf06fc00ad1d79512e14fb86","size":274747,"path":"media/images/reflectance_69_67a8e87e767d85dbb630.png"},"MSE":0.004519407171756029,"_step":70,"loss":1.0140640297322534e-05,"SSIM":0.5648856163024902,"_timestamp":1.7609966549707475e+09,"epoch":350,"_runtime":231.902117475,"_wandb":{"runtime":232}}