{"loss":26.85759289264679,"_timestamp":1.7609316496193442e+09,"_runtime":7.230228192,"_step":0,"_wandb":{"runtime":7},"epoch":0}