{"_runtime":7.443464524,"_step":0,"_wandb":{"runtime":7},"epoch":0,"loss":26.533849554061888,"_timestamp":1.7609325218960843e+09}