{"_step":8,"ssim":0.9996999411523342,"reflectance":{"height":160,"caption":"Pred | GT | MSE=3.67e-08, SSIM=1.000","_type":"image-file","sha256":"c6bc21cad411ab9c0fbb407d906bda8d1e31e5026dbab7a8d3df703cd1a1969a","size":160263,"path":"media/images/reflectance_7_c6bc21cad411ab9c0fbb.png","format":"png","width":980},"mse":3.6717646400120806e-08,"_wandb":{"runtime":96},"_timestamp":1.760995800314857e+09,"_runtime":95.521904515,"loss":5.381363567721564e-05,"epoch":40}