{"_timestamp":1.760927639905006e+09,"_runtime":31.916057901,"_step":4,"epoch":40,"_wandb":{"runtime":36},"loss":0.46146820470690725}