{"reflectance":{"_type":"image-file","sha256":"b8e79fa8822bc87ceb38eaadbcfd42cca013b4b41dd7149753698a9cb32eca55","size":154759,"path":"media/images/reflectance_45_b8e79fa8822bc87ceb38.png","format":"png","width":980,"height":160,"caption":"Pred | GT | MSE = 6.40e-09"},"mse":6.403945818078682e-09,"_wandb":{"runtime":155},"epoch":220,"loss":1.3381422756992834e-05,"_timestamp":1.7609856763950565e+09,"_runtime":152.849626469,"_step":45}