{"_wandb":{"runtime":665},"_timestamp":1.7610171774779842e+09,"_runtime":660.52313601,"epoch":0,"_step":199,"MSE":0.0002163753379136324,"SSIM":0.9403073191642761,"reflectance":{"_type":"image-file","sha256":"80386b5a877a21c56be82b7d3ac507237574eb59b663d91a8fe6cab788756848","size":235300,"path":"media/images/reflectance_199_80386b5a877a21c56be8.png","format":"png","width":1310,"height":180,"caption":"Pred | GT | SSIM | FLIP --- MSE=2.16e-04, SSIM=0.940"},"loss":3.854307517485722e-06}