{"_step":13,"SSIM":0.5115252137184143,"reflectance":{"height":180,"caption":"Pred | GT | SSIM | FLIP --- MSE=nan, SSIM=nan","_type":"image-file","sha256":"e52d5ad8e5ba7a7e1bd9cf345b40420d5337a7e7218749087e7c0aa0787c93e3","size":79838,"path":"media/images/reflectance_13_e52d5ad8e5ba7a7e1bd9.png","format":"png","width":1310},"_timestamp":1.7610131253621764e+09,"epoch":0,"loss":0.23718943908810616,"_runtime":53.24083015,"MSE":NaN,"_wandb":{"runtime":57}}