{"SSIM":0.9621312022209167,"_runtime":645.321843334,"MSE":0.00022052906570024788,"loss":0.16476514495909214,"_timestamp":1.761017376220111e+09,"_step":199,"reflectance":{"height":180,"caption":"Pred | GT | SSIM | FLIP --- MSE=2.21e-04, SSIM=0.962","_type":"image-file","sha256":"01d934ebcbaeb33603fcf3228ee2a5f0d6c8192350394880419a1e8a0bb4a574","size":196249,"path":"media/images/reflectance_199_01d934ebcbaeb33603fc.png","format":"png","width":1310},"_wandb":{"runtime":650},"epoch":0}