{"_timestamp":1.7609325517980974e+09,"_runtime":7.118857258,"_step":0,"_wandb":{"runtime":7},"epoch":0,"loss":26.954400568008424}