{"MSE":0.0005680786562152207,"SSIM":0.9745950698852539,"reflectance":{"width":1310,"height":180,"caption":"Pred | GT | SSIM | FLIP --- MSE=5.68e-04, SSIM=0.975","_type":"image-file","sha256":"aed62941a59199931488830aae33e7714959885a34e87b7128cb91b89121dd4d","size":143207,"path":"media/images/reflectance_199_aed62941a59199931488.png","format":"png"},"_timestamp":1.7610165920536664e+09,"_wandb":{"runtime":656},"epoch":0,"loss":1.22206837952137,"_runtime":651.392799699,"_step":199}