{"_runtime":50.421569147,"ssim":0.99852062754035,"mse":1.4574195992725186e-07,"_wandb":{"runtime":55},"epoch":20,"_timestamp":1.7609958622738245e+09,"_step":4,"reflectance":{"width":980,"height":160,"caption":"Pred | GT | MSE=1.46e-07, SSIM=0.999","_type":"image-file","sha256":"b916aadc3dfbd8bb41fa620dcc85685d3f1649b41b9477fb324a8e3fc4630dca","size":147396,"path":"media/images/reflectance_3_b916aadc3dfbd8bb41fa.png","format":"png"},"loss":0.00013257139129564167}