{"loss":0.00015450493949174416,"SSIM":0.8363637924194336,"reflectance":{"_type":"image-file","sha256":"f8f17cefc49d3c3e1288b98d379e3ee1d1a4817523a515af6171332e81799deb","size":240632,"path":"media/images/reflectance_187_f8f17cefc49d3c3e1288.png","format":"png","width":1310,"height":180,"caption":"Pred | GT | SSIM | FLIP --- MSE=7.45e-04, SSIM=0.836"},"_timestamp":1.7610014747178612e+09,"epoch":0,"MSE":0.0007447893149219453,"_step":187,"_wandb":{"runtime":625},"_runtime":624.457990557}