{"loss":0.00034213659935630855,"_timestamp":1.7610112198340058e+09,"reflectance":{"format":"png","width":1310,"height":180,"caption":"Pred | GT | SSIM | FLIP --- MSE=3.62e-04, SSIM=0.926","_type":"image-file","sha256":"65232b753167f659b321299f804cf729c9e7541d7f784916784580fa01076aff","size":178027,"path":"media/images/reflectance_199_65232b753167f659b321.png"},"_wandb":{"runtime":649},"_step":199,"SSIM":0.9259502291679382,"epoch":0,"_runtime":644.093336821,"MSE":0.0003619736817199737}