{"_step":0,"_wandb":{"runtime":7763},"epoch":0,"loss":0.09274985765412566,"_timestamp":1.7609879459013572e+09,"_runtime":13.672519352}