{"loss":26.261089498996736,"_timestamp":1.7609319662061033e+09,"_runtime":7.519813324,"_wandb":{"runtime":7},"_step":0,"epoch":0}