{"loss":3.960202999451212e-06,"_step":199,"epoch":0,"MSE":0.00020215481345076114,"_timestamp":1.7609973921657634e+09,"_runtime":647.153885649,"SSIM":0.936347246170044,"_wandb":{"runtime":652},"reflectance":{"width":1310,"height":180,"caption":"Pred | GT | SSIM | FLIP --- MSE=2.02e-04, SSIM=0.936","_type":"image-file","sha256":"b3129603ce2d0a1f8decbcaa85e79ad3a4bc11d262825636b9430fa9ca6bf8a1","size":232436,"path":"media/images/reflectance_199_b3129603ce2d0a1f8dec.png","format":"png"}}