{"loss":27.37406416416168,"_timestamp":1.7609320355140705e+09,"_wandb":{"runtime":7},"_runtime":7.468232426,"_step":0,"epoch":0}