{"_runtime":8.407171033000001,"_step":0,"epoch":0,"loss":0.09463288120663492,"_timestamp":1.760995923848076e+09,"_wandb":{"runtime":14}}