{"SSIM":0.953349769115448,"reflectance":{"format":"png","width":1310,"height":180,"caption":"Pred | GT | SSIM | FLIP --- MSE=9.66e-04, SSIM=0.953","_type":"image-file","sha256":"370b0abf8d43512d7455327a9b2fd491171f76f6844dc2bf66674bacd5245d67","size":168174,"path":"media/images/reflectance_23_370b0abf8d43512d7455.png"},"_timestamp":1.7610128884350812e+09,"_wandb":{"runtime":92},"_runtime":88.748149753,"epoch":0,"MSE":0.0009663288947194815,"_step":23,"loss":0.0016519323585089296}