{"_wandb":{"runtime":13},"loss":0.00015848100883886218,"epoch":2,"_timestamp":1.7609033388937545e+09,"_runtime":3.527336456,"_step":1}