{"_runtime":357.828292866,"_timestamp":1.7610125958466616e+09,"reflectance":{"format":"png","width":1310,"height":180,"caption":"Pred | GT | SSIM | FLIP --- MSE=4.10e-04, SSIM=0.979","_type":"image-file","sha256":"577b3fce5f1d24e9a1149148434047167e980bb66ece2873d167bd12f5636256","size":139893,"path":"media/images/reflectance_105_577b3fce5f1d24e9a114.png"},"epoch":0,"SSIM":0.9787779450416565,"_wandb":{"runtime":361},"loss":0.0007198716621496714,"MSE":0.00040980541962198913,"_step":105}