{"_timestamp":1.7609318699760804e+09,"_runtime":7.344644703,"_step":0,"epoch":0,"loss":26.812475903034212,"_wandb":{"runtime":7}}