{"_runtime":7.639171431,"_step":0,"epoch":0,"_wandb":{"runtime":7},"loss":26.43890186548233,"_timestamp":1.760931607846031e+09}