{"reflectance":{"width":1310,"height":180,"caption":"Pred | GT | SSIM | FLIP --- MSE=4.12e-04, SSIM=0.977","_type":"image-file","sha256":"575ad2415f8df489b5a4833e232b35dc305a08f0656542b1df2206a6990de339","size":139018,"path":"media/images/reflectance_199_575ad2415f8df489b5a4.png","format":"png"},"MSE":0.00041221047285944223,"_wandb":{"runtime":727},"SSIM":0.9774320721626282,"epoch":0,"_step":199,"_timestamp":1.7610140163353283e+09,"_runtime":721.597094112,"loss":0.002984971508849412}