{"_timestamp":1.7610161761718547e+09,"_runtime":83.725993217,"epoch":0,"SSIM":0.8485336303710938,"loss":15.465219898223877,"_wandb":{"runtime":85},"reflectance":{"format":"png","width":1310,"height":180,"caption":"Pred | GT | SSIM | FLIP --- MSE=7.31e-03, SSIM=0.849","_type":"image-file","sha256":"05f4ddc40504e603adfeb3ce03d4e115704c1a2d38b39676bee65ff100c40a4e","size":202406,"path":"media/images/reflectance_23_05f4ddc40504e603adfe.png"},"MSE":0.007312912959605455,"_step":23}