{"_runtime":218.26066128,"epoch":0,"_timestamp":1.7610164043032591e+09,"MSE":0.0015825647860765457,"loss":2.7977299904823303,"reflectance":{"size":167665,"path":"media/images/reflectance_63_22eed06da4b7f2dc01fc.png","format":"png","width":1310,"height":180,"caption":"Pred | GT | SSIM | FLIP --- MSE=1.58e-03, SSIM=0.948","_type":"image-file","sha256":"22eed06da4b7f2dc01fc6ef61eec5a6207503b4b79e72c4ab79290c49de17adc"},"SSIM":0.9484512209892273,"_wandb":{"runtime":224},"_step":63}