{"reflectance":{"sha256":"c2e84ddf10fafd9242a0201257b20a398fe27cf2763e208dbf5e1a923d2fabf5","size":165138,"path":"media/images/reflectance_41_c2e84ddf10fafd9242a0.png","format":"png","width":1310,"height":180,"caption":"Pred | GT | SSIM | FLIP --- MSE=8.92e-04, SSIM=0.957","_type":"image-file"},"_runtime":154.647587687,"loss":0.001228046223986894,"_step":41,"epoch":0,"_wandb":{"runtime":157},"MSE":0.0008921539993025362,"_timestamp":1.7610130585033672e+09,"SSIM":0.9568859934806824}