{"_wandb":{"runtime":7},"_timestamp":1.7609962725800977e+09,"_runtime":7.539214507,"_step":0,"epoch":0,"loss":0.09676272973825689}