{"epoch":0,"reflectance":{"_type":"image-file","sha256":"fc7ee3ee7e0ad4dfc82b2ba94af00f6113968b54a0387514c0bfd7c363145c00","size":139593,"path":"media/images/reflectance_23_fc7ee3ee7e0ad4dfc82b.png","format":"png","width":1310,"height":180,"caption":"Pred | GT | SSIM | FLIP --- MSE=7.34e-02, SSIM=0.522"},"_runtime":83.194388068,"_step":23,"SSIM":0.5217192769050598,"loss":0.0014828718430362643,"_wandb":{"runtime":85},"_timestamp":1.761016503550568e+09,"MSE":0.07344035804271698}