{"MSE":0.00021238051704131067,"_wandb":{"runtime":668},"_step":199,"_timestamp":1.7610021491232862e+09,"_runtime":663.316670996,"loss":0.000321751244191546,"epoch":0,"reflectance":{"format":"png","width":1310,"height":180,"caption":"Pred | GT | SSIM | FLIP --- MSE=2.12e-04, SSIM=0.980","_type":"image-file","sha256":"1b9f9f23dd01362a45f1802c23ecce6874a96eb2c657859126d96f9b18dc770c","size":136555,"path":"media/images/reflectance_199_1b9f9f23dd01362a45f1.png"},"SSIM":0.9795992970466614}